brand,price,start_time,start_day,end_time,end_day,trip_time,take_place,destination,hand_luggage,checked_baggage,crawl_date
Vietnam Airlines,944.055 VND/khách,05:45,05 thg 5,06:40,05 thg 5,55m,"TP HCM (SGN)
Sân bay Tân Sơn Nhất
Nhà ga 1","Đà Lạt (DLI)
Sân bay Liên Khương",Hành lý xách tay 1 x 12 kg,Hành lý 0 kg,18-04-2025
VietJet Air,799.995 VND/khách,09:55,05 thg 5,10:50,05 thg 5,55m,"TP HCM (SGN)
Sân bay Tân Sơn Nhất
Nhà ga 1","Đà Lạt (DLI)
Sân bay Liên Khương",Hành lý xách tay 7 kg,Hành lý 0 kg,18-04-2025
Vietnam Airlines,940.059 VND/khách,08:55,05 thg 5,09:50,05 thg 5,55m,"TP HCM (SGN)
Sân bay Tân Sơn Nhất
Nhà ga 1","Đà Lạt (DLI)
Sân bay Liên Khương",Hành lý xách tay 1 x 12 kg,Hành lý 0 kg,18-04-2025
Vietnam Airlines,1.162.836 VND/khách,10:15,05 thg 5,11:10,05 thg 5,55m,"TP HCM (SGN)
Sân bay Tân Sơn Nhất
Nhà ga 1","Đà Lạt (DLI)
Sân bay Liên Khương",Hành lý xách tay 1 x 12 kg,Hành lý 23 kg,18-04-2025
